Simulation ID,annual_energy_consumption,total_cost,total_carbon_emission,comfort_days
1,37.570556156041846,0,0,361
2,33.26095152160794,182,9.36,364
3,32.27463983005108,179,4.83,364
4,31.67829305123044,200,17.16,364
5,31.762269808832656,222,8.5,364
6,33.06559443014051,89.5,23.29,361
7,28.510464495984067,271.5,32.65,364
8,27.63122761898564,268.5,28.119999999999997,364
9,26.985178277415027,289.5,40.45,364
10,26.92277513031855,311.5,31.79,364
11,32.86516963804641,105,4.76,361
12,28.43885105208003,287,14.12,364
13,27.35907533645338,284,9.59,364
14,26.964265863649857,305,21.92,364
15,26.815898765858332,327,13.26,364
16,32.39684945635096,101,18.5,361
17,27.853872750315492,283,27.86,364
18,26.948935547409665,280,23.33,364
19,26.398984845921664,301,35.66,365
20,26.411356319561353,323,27.0,365
21,32.29571261405039,139,10.68,361
22,27.871673191249847,321,20.04,364
23,26.991904287198373,318,15.51,364
24,26.31925166696817,339,27.84,365
25,26.41368381705018,361,19.18,365
26,36.209878313625026,59.7,10,359
27,31.19068977178015,241.7,19.36,360
28,30.240746554215605,238.7,14.83,360
29,29.489418592523144,259.7,27.16,360
30,29.641243683511682,281.7,18.5,360
31,31.073288920994806,149.2,33.29,359
32,26.589217485717075,331.2,42.65,362
33,25.621130938145367,328.2,38.12,362
34,24.73580971565996,349.2,50.45,362
35,24.700482950730322,371.2,41.79,362
36,30.961102164412097,164.7,14.76,359
37,26.331294704388885,346.7,24.119999999999997,362
38,25.42008004297858,343.7,19.59,362
39,24.580238881561325,364.7,31.92,362
40,24.54761894319593,386.7,23.259999999999998,362
41,30.393418960821045,160.7,28.5,360
42,25.646204319450746,342.7,37.86,362
43,24.816962623609403,339.7,33.33,362
44,24.170378797107812,360.7,45.66,362
45,24.11646177463593,382.7,37.0,362
46,30.449145438704484,198.7,20.68,360
47,25.696595687767346,380.7,30.04,362
48,24.799536794357085,377.7,25.509999999999998,362
49,24.067860501368315,398.7,37.84,362
50,24.046514742524458,420.7,29.18,362
51,35.8620641859296,77,5.92,359
52,30.926322377196414,259,15.28,360
53,30.07954328614962,256,10.75,360
54,29.328678905739945,277,23.08,360
55,29.525532733214362,299,14.42,360
56,31.039328508861818,166.5,29.21,359
57,26.370435580786697,348.5,38.57,362
58,25.43648401179542,345.5,34.04,362
59,24.912853026362484,366.5,46.37,362
60,24.785807075059562,388.5,37.71,362
61,30.744606657660437,182,10.68,359
62,26.33129668596066,364,20.04,362
63,25.240341393294322,361,15.51,362
64,24.67130554109839,382,27.839999999999996,362
65,24.623051956176795,404,19.18,362
66,30.223471820355503,178,24.42,359
67,25.494972917763327,360,33.78,362
68,24.608850204149974,357,29.25,362
69,23.904007102845465,378,41.58,362
70,23.96435455809092,400,32.92,362
71,30.277812316181834,216,16.6,360
72,25.486557326218527,398,25.96,362
73,24.60012535067099,395,21.43,362
74,24.06075568776871,416,33.76,362
75,23.966646807870788,438,25.1,362
76,35.6392496365214,87.9,11,359
77,30.97082855619565,269.9,20.36,360
78,29.920824333084557,266.9,15.83,360
79,29.13537554313822,287.9,28.16,360
80,29.14666871101259,309.9,19.5,360
81,30.772685320254244,177.4,34.29,359
82,26.280002657550124,359.4,43.65,361
83,25.30777777940789,356.4,39.12,362
84,24.31281257679793,377.4,51.45,362
85,24.23714528819262,399.4,42.79,362
86,30.71858537727596,192.9,15.76,359
87,25.933332973695798,374.9,25.119999999999997,362
88,25.183503709797264,371.9,20.59,362
89,24.10858476576364,392.9,32.92,362
90,24.167747635323508,414.9,24.259999999999998,362
91,30.215567340565517,188.9,29.5,359
92,25.319307529825622,370.9,38.86,362
93,24.3594975015596,367.9,34.33,362
94,23.846371427781982,388.9,46.66,362
95,23.766241820821854,410.9,38.0,362
96,30.0262207462419,226.9,21.68,359
97,25.32458293307383,408.9,31.04,362
98,24.345463568291212,405.9,26.509999999999998,362
99,23.751362129184187,426.9,38.84,362
100,23.806229060484455,448.9,30.18,362
101,35.5213410593579,108,7,359
102,30.891968606631405,290,16.36,360
103,29.89516725283461,287,11.83,360
104,29.197146750902615,308,24.16,360
105,29.322773628564644,330,15.5,360
106,30.839275303767174,197.5,30.29,359
107,26.199407270645434,379.5,39.65,362
108,25.17313348913957,376.5,35.12,362
109,24.718198014899,397.5,47.45,362
110,24.676649269019446,419.5,38.79,362
111,30.709303610534096,213,11.76,359
112,26.113485480830708,395,21.119999999999997,362
113,25.031468946898585,392,16.59,362
114,24.440159875473963,413,28.92,362
115,24.411477764217885,435,20.259999999999998,362
116,30.16425193803263,209,25.5,359
117,25.40210657260071,391,34.86,362
118,24.434813850809704,388,30.33,362
119,23.831022406980107,409,42.66,362
120,23.873460681016603,431,34.0,362
121,30.078135045075058,247,17.68,359
122,25.372681954068653,429,27.04,362
123,24.53265295066254,426,22.509999999999998,362
124,23.797338470595832,447,34.84,362
125,23.832245895314298,469,26.18,362
126,34.040475683130836,184,70,362
127,29.48633476227987,366,79.36,365
128,28.525638717755918,363,74.83,365
129,27.82564935257828,384,87.16,365
130,27.953805659355577,406,78.5,365
131,29.39692327820402,273.5,93.28999999999999,362
132,25.14138740948134,455.5,102.65,365
133,24.221394926511746,452.5,98.12,365
134,23.219623080160215,473.5,110.44999999999999,365
135,23.280514942662236,495.5,101.78999999999999,365
136,29.21123447895059,289,74.76,362
137,24.879293366453354,471,84.12,365
138,24.071699302732053,468,79.59,365
139,23.060240410025376,489,91.92,365
140,23.075590448030237,511,83.26,365
141,28.7712756809972,285,88.5,362
142,24.18380492680071,467,97.86,365
143,23.31141642821774,464,93.33,365
144,22.767989885669476,485,105.66,365
145,22.71213782619229,507,97.0,365
146,28.69775812403801,323,80.68,362
147,24.21622834621834,505,90.03999999999999,365
148,23.3585084744502,502,85.50999999999999,365
149,22.771377206599045,523,97.84,365
150,22.84028937140909,545,89.18,365
151,32.01138443100973,243.7,80,360
152,27.29779306786931,425.7,89.36,361
153,26.387366295421145,422.7,84.83,361
154,25.414616908892302,443.7,97.16,361
155,25.533203862907847,465.7,88.5,361
156,27.27525568534051,333.2,103.28999999999999,360
157,22.65151974955893,515.2,112.65,362
158,21.717593737195344,512.2,108.12,362
159,21.14548010098452,533.2,120.44999999999999,362
160,21.062137186431393,555.2,111.78999999999999,362
161,27.057901330863228,348.7,84.76,360
162,22.471549317950497,530.7,94.12,362
163,21.77982937314996,527.7,89.59,362
164,21.05454065445698,548.7,101.92,362
165,20.99627099966465,570.7,93.26,362
166,26.668247136918588,344.7,98.5,360
167,22.107647778264347,526.7,107.86,362
168,21.130727649666134,523.7,103.33,362
169,20.553248154994325,544.7,115.66,362
170,20.658667182373627,566.7,107.0,362
171,26.673404499719204,382.7,90.68,360
172,22.012561627261746,564.7,100.03999999999999,362
173,21.185105712508648,561.7,95.50999999999999,362
174,20.557108132728484,582.7,107.84,362
175,20.535580605980062,604.7,99.18,362
176,32.075405206425145,261,75.92,360
177,26.86854168674173,443,85.28,361
178,26.187432566166773,440,80.75,361
179,25.259622232891402,461,93.08,361
180,25.23926437314622,483,84.42,361
181,27.163699438110353,350.5,99.21000000000001,360
182,22.402221702150825,532.5,108.57,362
183,21.548568782532396,529.5,104.03999999999999,362
184,20.884218473422738,550.5,116.37,362
185,20.90322947517354,572.5,107.71000000000001,362
186,26.97893544920757,366,80.68,360
187,22.259145277153674,548,90.04,362
188,21.492627013911004,545,85.51,362
189,20.77364026275276,566,97.84,362
190,20.6675333675825,588,89.18,362
191,26.4246870890248,362,94.42,360
192,21.97025667406273,544,103.78,362
193,21.057190032514395,541,99.25,362
194,20.398041955586468,562,111.58,362
195,20.43090339417162,584,102.92,362
196,26.511957678608013,400,86.6,360
197,21.953814525703653,582,95.96000000000001,362
198,20.958768618350806,579,91.43,362
199,20.42785987964201,600,103.75999999999999,362
200,20.316812979254934,622,95.1,362
201,31.853731274667545,271.9,81,359
202,26.818454063920864,453.9,90.36,361
203,25.915591825650665,450.9,85.83,361
204,25.243990703602464,471.9,98.16,361
205,25.228016606007383,493.9,89.5,361
206,26.999642432094184,361.4,104.28999999999999,360
207,22.324333324430015,543.4,113.65,362
208,21.449221057958425,540.4,109.12,362
209,20.754645973646248,561.4,121.44999999999999,362
210,20.753600676568162,583.4,112.78999999999999,362
211,26.697984241705853,376.9,85.76,360
212,22.188584305699905,558.9,95.12,362
213,21.27653735457748,555.9,90.59,362
214,20.627390033649817,576.9,102.92,362
215,20.614642753175584,598.9,94.26,362
216,26.30962562980387,372.9,99.5,360
217,21.859229656587015,554.9,108.86,362
218,20.80290252764323,551.9,104.33,362
219,20.216156931481482,572.9,116.66,362
220,20.23372728342396,594.9,108.0,362
221,26.21781735327805,410.9,91.68,360
222,21.664900960951137,592.9,101.03999999999999,362
223,20.735554637989488,589.9,96.50999999999999,362
224,20.186427495452573,610.9,108.84,362
225,20.20407734086597,632.9,100.18,362
226,31.764894343210976,292,77,359
227,26.79665677729178,474,86.36,361
228,25.835708280036098,471,81.83,361
229,25.129212965074093,492,94.16,361
230,25.20068618733374,514,85.5,361
231,26.95719582623911,381.5,100.28999999999999,360
232,22.284971636096657,563.5,109.65,362
233,21.437916238473058,560.5,105.12,362
234,20.837740689702148,581.5,117.44999999999999,362
235,20.675334725043683,603.5,108.78999999999999,362
236,26.62793069397026,397,81.76,360
237,22.178131871450162,579,91.12,362
238,21.219729132520744,576,86.59,362
239,20.61773433153108,597,98.92,362
240,20.600166128941318,619,90.26,362
241,26.362056250106704,393,95.5,360
242,21.85783427381002,575,104.86,362
243,20.836386364844078,572,100.33,362
244,20.205521244926786,593,112.66,362
245,20.2302657985421,615,104.0,362
246,26.246036390968733,431,87.68,360
247,21.68528769520153,613,97.03999999999999,362
248,20.83080174749428,610,92.50999999999999,362
249,20.14886499474874,631,104.84,362
250,20.218598853004938,653,96.18,362
251,33.40748976628761,485,50,362
252,28.899833420423708,667,59.36,365
253,27.894142812423713,664,54.83,365
254,27.355032405972462,685,67.16,365
255,27.38145932979771,707,58.5,365
256,28.833585492900003,574.5,73.28999999999999,362
257,24.729294614297554,756.5,82.65,365
258,23.687785518196296,753.5,78.12,365
259,23.076049505622382,774.5,90.44999999999999,365
260,22.629961875039314,796.5,81.78999999999999,365
261,28.60844792643484,590,54.76,362
262,24.352895993295586,772,64.12,365
263,23.434648200061055,769,59.589999999999996,365
264,22.59183447320306,790,71.92,365
265,22.551834575842136,812,63.26,365
266,28.17477878278647,586,68.5,362
267,23.65429502630032,768,77.86,365
268,22.754168138334677,765,73.33,365
269,22.21099151654183,786,85.66,365
270,22.05692306041757,808,77.0,365
271,28.213428352797056,624,60.68,362
272,23.625058073620384,806,70.03999999999999,365
273,22.83042593933465,803,65.50999999999999,365
274,22.240921042405517,824,77.84,365
275,22.249044228181592,846,69.18,365
276,31.620934679099463,544.7,60,360
277,26.59380215336361,726.7,69.36,361
278,25.905356933828322,723.7,64.83,361
279,25.07809332112785,744.7,77.16,361
280,25.00377413971602,766.7,68.5,361
281,26.835039127381844,634.2,83.28999999999999,360
282,22.095359438483868,816.2,92.65,362
283,21.311008966833576,813.2,88.12,362
284,20.636644535715515,834.2,100.44999999999999,362
285,20.568146526840298,856.2,91.78999999999999,362
286,26.479490821222377,649.7,64.76,360
287,21.970517653924375,831.7,74.12,362
288,21.095915964120714,828.7,69.59,362
289,20.50764040505075,849.7,81.92,362
290,20.469349801118874,871.7,73.26,362
291,26.02075985025526,645.7,78.5,360
292,21.5303989191417,827.7,87.86,362
293,20.715483857808838,824.7,83.33,362
294,20.054424698227283,845.7,95.66,362
295,20.062916751881108,867.7,87.0,363
296,26.079721496058834,683.7,70.68,360
297,21.5507976544815,865.7,80.03999999999999,362
298,20.69773561306563,862.7,75.50999999999999,362
299,19.743662976910954,883.7,87.84,362
300,19.77282746361877,905.7,79.18,363
301,31.360554741914804,562,55.92,360
302,26.45302363614622,744,65.28,361
303,25.573036225646838,741,60.75,361
304,25.13727111817721,762,73.08,361
305,25.10454988110678,784,64.42,361
306,26.39475748252128,651.5,79.21000000000001,360
307,21.945874457406237,833.5,88.57,362
308,21.09150040618264,830.5,84.03999999999999,362
309,20.313358908301744,851.5,96.37,362
310,20.423716647931172,873.5,87.71000000000001,362
311,26.448499672994764,667,60.68,360
312,21.79856942435298,849,70.04,362
313,20.83074165630943,846,65.51,362
314,20.195017796272452,867,77.84,362
315,20.20113168280606,889,69.18,362
316,25.889610877697017,663,74.42,360
317,21.298781079206645,845,83.78,362
318,20.492400730333625,842,79.25,362
319,19.558660131334285,863,91.58,362
320,19.580674651418008,885,82.92,362
321,25.84013640136272,701,66.6,360
322,21.326590251993704,883,75.96000000000001,362
323,20.461528326268784,880,71.43,362
324,19.608680019099815,901,83.75999999999999,362
325,19.517323905625602,923,75.1,362
326,31.174425152635017,572.9,61,359
327,26.370286679971883,754.9,70.36,361
328,25.484092293860122,751.9,65.83,361
329,24.85217944371864,772.9,78.16,361
330,24.90151191501776,794.9,69.5,361
331,26.26015525714135,662.4,84.28999999999999,360
332,21.823782839339646,844.4,93.65,362
333,20.907567180536727,841.4,89.12,362
334,20.24503841083266,862.4,101.44999999999999,362
335,20.17313355743385,884.4,92.78999999999999,362
336,26.2082038421386,677.9,65.76,360
337,21.634883558224434,859.9,75.12,362
338,20.565445862354114,856.9,70.59,362
339,20.079805685983043,877.9,82.92,362
340,19.983427229150443,899.9,74.26,362
341,25.732935459310685,673.9,79.5,360
342,21.25417168359739,855.9,88.86,362
343,20.337723354780223,852.9,84.33,362
344,19.7335030701454,873.9,96.66,362
345,19.407670105006783,895.9,88.0,362
346,25.684278783770843,711.9,71.68,360
347,21.207036785276234,893.9,81.03999999999999,362
348,20.316691839470955,890.9,76.50999999999999,362
349,19.433047261382868,911.9,88.84,362
350,19.407322651939282,933.9,80.18,362
351,31.28084611543112,593,57,360
352,26.286676716578757,775,66.36,361
353,25.424598883166734,772,61.83,361
354,25.03194876956307,793,74.16,361
355,25.010309471091524,815,65.5,361
356,26.3034824684823,682.5,80.28999999999999,360
357,21.797395109744215,864.5,89.65,362
358,20.82259578869501,861.5,85.12,362
359,20.29923667209808,882.5,97.44999999999999,362
360,20.17871974011542,904.5,88.78999999999999,362
361,26.205896603926686,698,61.76,360
362,21.672144155637866,880,71.12,362
363,20.689518409229326,877,66.59,362
364,20.045632103815752,898,78.92,362
365,20.056203201544136,920,70.26,362
366,25.614988665527104,694,75.5,360
367,21.231612274597392,876,84.86,362
368,20.370229171888973,873,80.33,362
369,19.684742220921418,894,92.66,362
370,19.390433136319665,916,84.0,362
371,25.731087107223193,732,67.68,360
372,21.170154741656003,914,77.03999999999999,362
373,20.29614804436448,911,72.50999999999999,362
374,19.407832386247087,932,84.84,362
375,19.402370434613932,954,76.18,362
376,32.107443250934,295,150,362
377,27.58241497879824,477,159.36,365
378,26.631433417817757,474,154.83,365
379,26.10239430520057,495,167.16,365
380,26.02361405079844,517,158.5,365
381,27.583846824195664,384.5,173.29,363
382,23.301313168994852,566.5,182.65,365
383,22.46532317632234,563.5,178.12,365
384,21.51118946482597,584.5,190.45,365
385,21.479261085599965,606.5,181.79,365
386,27.42455591197825,400,154.76,363
387,23.19044223702008,582,164.12,365
388,22.23709685491678,579,159.59,365
389,21.306527692187775,600,171.92,365
390,21.362245675859295,622,163.26,365
391,26.847395508710765,396,168.5,363
392,22.42885481381616,578,177.86,365
393,21.599242893770178,575,173.33,365
394,20.89420593547883,596,185.66,365
395,20.919305593197297,618,177.0,365
396,26.904046328855365,434,160.68,363
397,22.479324663322622,616,170.04000000000002,365
398,21.573913850930943,613,165.51000000000002,365
399,20.88414625543461,634,177.84,365
400,20.89401980783476,656,169.18,365
401,30.45927935387603,354.7,160,360
402,25.379044931197225,536.7,169.36,361
403,24.57694378345111,533.7,164.83,361
404,23.662569830650984,554.7,177.16,361
405,23.674060171044708,576.7,168.5,361
406,25.440272993911258,444.2,183.29,360
407,20.78489349743979,626.2,192.65,362
408,19.88989315229745,623.2,188.12,362
409,19.338126191014346,644.2,200.45,362
410,19.31713718092455,666.2,191.79,363
411,25.255794974786628,459.7,164.76,360
412,20.656196848473737,641.7,174.12,362
413,19.78648526428159,638.7,169.59,362
414,19.122370672748723,659.7,181.92,363
415,19.051596161666993,681.7,173.26,363
416,24.848851000772232,455.7,178.5,360
417,20.246675964149773,637.7,187.86,362
418,19.35588068083934,634.7,183.33,363
419,18.347785107648658,655.7,195.66,363
420,18.36920560556907,677.7,187.0,363
421,24.872475643712136,493.7,170.68,360
422,20.19642410908219,675.7,180.04000000000002,362
423,19.34867841004097,672.7,175.51000000000002,363
424,18.435566722551734,693.7,187.84,363
425,18.41423316322342,715.7,179.18,363
426,30.132524243960297,372,155.92,360
427,25.253490628048702,554,165.27999999999997,361
428,24.064032214299782,551,160.75,361
429,23.45914930123703,572,173.07999999999998,361
430,23.506527598955362,594,164.42,361
431,25.165764140527447,461.5,179.20999999999998,360
432,20.63508993404811,643.5,188.56999999999996,362
433,19.712527309305017,640.5,184.04,362
434,18.994920381313957,661.5,196.36999999999998,362
435,19.03614406474048,683.5,187.70999999999998,362
436,25.095709121492604,477,160.67999999999998,360
437,20.420956375052388,659,170.03999999999996,362
438,19.603580970694537,656,165.51,362
439,18.865440645266496,677,177.83999999999997,362
440,18.888981511921347,699,169.17999999999998,362
441,24.807010366516266,473,174.42,360
442,20.047611959255363,655,183.77999999999997,362
443,19.188881653668737,652,179.25,362
444,18.193711560794753,673,191.57999999999998,362
445,18.2151146033411,695,182.92,362
446,24.62404767478937,511,166.6,360
447,20.098354554811955,693,175.95999999999998,362
448,19.208586300214662,690,171.43,362
449,18.196803321781253,711,183.76,362
450,18.21623323335235,733,175.1,362
451,29.94564669300282,382.9,161,359
452,25.05845689273348,564.9,170.36,361
453,24.283628216172826,561.9,165.83,361
454,23.240024156686218,582.9,178.16,361
455,23.30116624582203,604.9,169.5,361
456,25.01003124585145,472.4,184.29,360
457,20.47570819290067,654.4,193.65,362
458,19.57677856064055,651.4,189.12,362
459,18.81763915798165,672.4,201.45,362
460,18.870088014030696,694.4,192.79,362
461,24.87589849255841,487.9,165.76,360
462,20.239790301968632,669.9,175.12,362
463,19.379278037133187,666.9,170.59,362
464,18.717935207077907,687.9,182.92,362
465,18.712361187952748,709.9,174.26,362
466,24.5553178698615,483.9,179.5,360
467,19.93087539871304,665.9,188.86,362
468,19.02269665340066,662.9,184.33,362
469,17.945579223433313,683.9,196.66,362
470,18.016124885826944,705.9,188.0,362
471,24.516719544267758,521.9,171.68,360
472,19.824140597919392,703.9,181.04000000000002,362
473,19.0267470701733,700.9,176.51000000000002,362
474,18.074487924172537,721.9,188.84,362
475,18.20939468782382,743.9,180.18,362
476,30.037578892492974,403,157,359
477,24.985441240603173,585,166.36,361
478,24.11791467261365,582,161.83,361
479,23.179972184244416,603,174.16,361
480,23.27429379752029,625,165.5,361
481,25.151754037246253,492.5,180.29,360
482,20.469312492308898,674.5,189.65,362
483,19.564027569411984,671.5,185.12,362
484,18.870311058237327,692.5,197.45,362
485,18.918421350334025,714.5,188.79,362
486,24.984939428971025,508,161.76,360
487,20.30294556276672,690,171.12,362
488,19.388232901819624,687,166.59,362
489,18.722189180328584,708,178.92,362
490,18.678591912404038,730,170.26,362
491,24.508499550250228,504,175.5,360
492,19.88286528549012,686,184.86,362
493,19.108252097688048,683,180.33,362
494,17.942549820469566,704,192.66,362
495,18.032162975515206,726,184.0,362
496,24.532997266722102,542,167.68,360
497,19.8628612858005,724,177.04000000000002,362
498,18.997028208073896,721,172.51000000000002,362
499,17.968082267832678,742,184.84,362
500,18.293570076766724,764,176.18,362
501,31.842871813362557,622,120,362
502,27.0860385646879,804,129.36,365
503,26.01624300480058,801,124.83,365
504,25.386258834225806,822,137.16,365
505,25.42295112311514,844,128.5,365
506,26.913411272371306,711.5,143.29,363
507,22.73314971590818,893.5,152.65,365
508,21.89647491225037,890.5,148.12,365
509,20.946287715596426,911.5,160.45,365
510,20.95396964941115,933.5,151.79,365
511,26.69880610604839,727,124.76,363
512,22.524263129177466,909,134.12,365
513,21.325200067732588,906,129.59,365
514,20.85636335931564,927,141.92,365
515,20.777323687774345,949,133.26,365
516,26.29546729091277,723,138.5,363
517,21.92404420698964,905,147.86,365
518,21.045009080899902,902,143.32999999999998,365
519,20.32875861139746,923,155.66,365
520,20.33076369023475,945,147.0,365
521,26.249719346392567,761,130.68,363
522,21.909721815472242,943,140.04000000000002,365
523,21.006777952873772,940,135.51,365
524,20.375756112804275,961,147.84,365
525,20.307033820249618,983,139.18,365
526,29.707721303080216,681.7,130,360
527,24.850627068779232,863.7,139.36,361
528,24.083620314581506,860.7,134.83,361
529,23.065441320991088,881.7,147.16,361
530,22.99683766828462,903.7,138.5,361
531,24.867002178848832,771.2,153.29,360
532,20.267380283591713,953.2,162.65,362
533,19.39992065905975,950.2,158.12,363
534,18.767814690575673,971.2,170.45,363
535,18.695324616734062,993.2,161.79,363
536,24.77754151299817,786.7,134.76,360
537,20.056560161073353,968.7,144.12,362
538,19.261805423056277,965.7,139.59,363
539,18.55344558890915,986.7,151.92,363
540,18.601825878472866,1008.7,143.26,363
541,24.474253174507158,782.7,148.5,360
542,19.707658027366325,964.7,157.86,362
543,18.837588075335493,961.7,153.33,363
544,18.110415802925868,982.7,165.66,363
545,18.145946750608086,1004.7,157.0,363
546,24.350890309058048,820.7,140.68,360
547,19.697341430989418,1002.7,150.04000000000002,362
548,18.75917018743662,999.7,145.51000000000002,363
549,18.215078151201574,1020.7,157.84,363
550,17.901343341603518,1042.7,149.18,363
551,29.677972070574814,699,125.92,359
552,24.69057114666014,881,135.28,361
553,23.91166833431091,878,130.75,361
554,23.155219869042796,899,143.08,361
555,23.02142980197015,921,134.42000000000002,361
556,24.71306393835327,788.5,149.21,360
557,20.106281952892193,970.5,158.57,362
558,19.10979463786116,967.5,154.04,362
559,18.546964084172487,988.5,166.37,362
560,18.4769386167664,1010.5,157.71,362
561,24.57139940041625,804,130.68,360
562,19.846610589984024,986,140.04,362
563,18.992245647599134,983,135.51,362
564,18.338593827321088,1004,147.84,362
565,18.36450783347864,1026,139.18,362
566,24.276248068525046,800,144.42000000000002,360
567,19.55603607311964,982,153.78,362
568,18.48084439593295,979,149.25,362
569,17.944210082634484,1000,161.58,362
570,17.65517353402833,1022,152.92000000000002,362
571,24.2015758464626,838,136.6,360
572,19.644866096062387,1020,145.96,362
573,18.530208477560272,1017,141.43,362
574,18.008359027289362,1038,153.76000000000002,362
575,17.620988843096328,1060,145.10000000000002,362
576,29.40535692289733,709.9,131,359
577,24.594854682828654,891.9,140.36,361
578,23.710156382402545,888.9,135.83,361
579,22.708397570795825,909.9,148.16,361
580,22.78150743388583,931.9,139.5,361
581,24.59593034596429,799.4,154.29,360
582,19.914492779530253,981.4,163.65,362
583,18.955353419793216,978.4,159.12,362
584,18.386826990956795,999.4,171.45,362
585,18.305710622302858,1021.4,162.79,362
586,24.351175842459032,814.9,135.76,360
587,19.69669056506451,996.9,145.12,362
588,18.768165646038348,993.9,140.59,362
589,18.197537360233312,1014.9,152.92,362
590,18.147105136234543,1036.9,144.26,362
591,24.00909284693346,810.9,149.5,360
592,19.354182189767787,992.9,158.86,362
593,18.35880085164211,989.9,154.33,362
594,17.509182047500197,1010.9,166.66,362
595,17.83727122848656,1032.9,158.0,362
596,24.04063549149006,848.9,141.68,360
597,19.397248896411213,1030.9,151.04000000000002,362
598,18.34976902031939,1027.9,146.51000000000002,362
599,17.538403026319138,1048.9,158.84,362
600,17.510920427546782,1070.9,150.18,362
601,29.480448705215835,730,127,359
602,24.57866979697636,912,136.36,361
603,23.642930978514958,909,131.83,361
604,22.76275871670007,930,144.16,361
605,22.6765662190769,952,135.5,361
606,24.54093870111045,819.5,150.29,360
607,19.923408647733126,1001.5,159.65,362
608,18.85688061000398,998.5,155.12,362
609,18.303812163063505,1019.5,167.45,362
610,18.302879868371498,1041.5,158.79,362
611,24.50323753651581,835,131.76,360
612,19.75030139033775,1017,141.12,362
613,18.819331106487986,1014,136.59,362
614,18.222222927310035,1035,148.92,362
615,18.184757500746077,1057,140.26,362
616,24.064415369469156,831,145.5,360
617,19.372406860834406,1013,154.86,362
618,18.342835953954804,1010,150.33,362
619,17.75268270058161,1031,162.66,362
620,17.541122332711826,1053,154.0,362
621,24.04045303287182,869,137.68,360
622,19.37011431363566,1051,147.04000000000002,362
623,18.29178720004836,1048,142.51000000000002,362
624,17.502663853231454,1069,154.84,362
625,17.47006324035535,1091,146.18,362
1,29.960081137605307,0,0,339
2,25.92449646379578,182,9.36,341
3,25.223520607757475,179,4.83,341
4,24.686273748612564,200,17.16,342
5,24.602532716886582,222,8.5,342
6,25.94447558573296,89.5,23.29,340
7,21.904733307601955,271.5,32.65,342
8,21.17318698741801,268.5,28.119999999999997,342
9,20.63972683162782,289.5,40.45,343
10,20.65640799052574,311.5,31.79,343
11,25.786038848260414,105,4.76,340
12,21.88167729995748,287,14.12,342
13,21.074002848328526,284,9.59,342
14,20.531161991854106,305,21.92,343
15,20.541920990499378,327,13.26,343
16,25.342634603807454,101,18.5,340
17,21.587793792908098,283,27.86,342
18,20.737426795952977,280,23.33,343
19,20.24223951083933,301,35.66,343
20,20.19906657968793,323,27.0,343
21,25.298826767573697,139,10.68,340
22,21.51211208100476,321,20.04,342
23,20.812471467532145,318,15.51,343
24,20.23482623350176,339,27.84,343
25,20.228670425183434,361,19.18,343
26,28.09557179363429,59.7,10,321
27,23.850975842548717,241.7,19.36,311
28,23.190936394176752,238.7,14.83,311
29,22.53276157922347,259.7,27.16,310
30,22.678316896599032,281.7,18.5,310
31,24.332316366664884,149.2,33.29,321
32,19.971475942265304,331.2,42.65,314
33,19.266261670563683,328.2,38.12,311
34,18.75967501058807,349.2,50.45,311
35,18.547705609641852,371.2,41.79,311
36,24.24701492982667,164.7,14.76,321
37,19.86405745966085,346.7,24.119999999999997,313
38,19.049256526942337,343.7,19.59,311
39,18.5786437422214,364.7,31.92,311
40,18.476473388354353,386.7,23.259999999999998,310
41,23.823028116079442,160.7,28.5,321
42,19.43349542877329,342.7,37.86,313
43,18.74791600433434,339.7,33.33,311
44,18.260839360012685,360.7,45.66,310
45,18.189106347017237,382.7,37.0,310
46,23.942943190248233,198.7,20.68,320
47,19.4736905092967,380.7,30.04,313
48,18.730226993308506,377.7,25.509999999999998,311
49,18.261655004856433,398.7,37.84,310
50,18.186034584549862,420.7,29.18,310
51,27.8074271594253,77,5.92,321
52,23.719095267645354,259,15.28,311
53,23.100340534758487,256,10.75,311
54,22.562078020331278,277,23.08,309
55,22.451679177792318,299,14.42,309
56,24.046335707931473,166.5,29.21,321
57,19.967528337524282,348.5,38.57,311
58,18.988121453208038,345.5,34.04,311
59,18.402573524039386,366.5,46.37,310
60,18.46505159454132,388.5,37.71,310
61,23.89895410187554,182,10.68,321
62,19.667721608734983,364,20.04,311
63,18.854126381196547,361,15.51,311
64,18.34967977509817,382,27.839999999999996,310
65,18.30791167738032,404,19.18,310
66,23.778129916846638,178,24.42,321
67,19.317127159932912,360,33.78,311
68,18.474541978078527,357,29.25,311
69,17.925824549259715,378,41.58,310
70,18.029301027129165,400,32.92,310
71,23.70262302663491,216,16.6,321
72,19.291141990251084,398,25.96,311
73,18.50306195444875,395,21.43,311
74,17.98699535967572,416,33.76,310
75,18.032103877019008,438,25.1,310
76,27.71680733914121,87.9,11,321
77,23.62936005059035,269.9,20.36,311
78,22.88121142949694,266.9,15.83,310
79,22.265872749727194,287.9,28.16,309
80,22.37257546946806,309.9,19.5,309
81,24.11300924723533,177.4,34.29,321
82,19.644860491695475,359.4,43.65,311
83,18.905877984143398,356.4,39.12,311
84,18.267256203662505,377.4,51.45,310
85,18.246361435736244,399.4,42.79,310
86,23.895740785522616,192.9,15.76,321
87,19.572252301362298,374.9,25.119999999999997,311
88,18.706926845483384,371.9,20.59,311
89,18.207305632393993,392.9,32.92,310
90,18.212565119488055,414.9,24.259999999999998,309
91,23.571997219384762,188.9,29.5,321
92,19.111034247749387,370.9,38.86,311
93,18.424374798753483,367.9,34.33,310
94,17.866165041633458,388.9,46.66,310
95,17.88077328243614,410.9,38.0,309
96,23.58500169502789,226.9,21.68,321
97,19.088442943844786,408.9,31.04,311
98,18.336319649039208,405.9,26.509999999999998,310
99,18.09568641121589,426.9,38.84,310
100,17.983005573915868,448.9,30.18,309
101,27.660889393934347,108,7,320
102,23.5171145622583,290,16.36,311
103,22.91912827568516,287,11.83,310
104,22.13382608152555,308,24.16,309
105,22.24213047311562,330,15.5,309
106,23.84084697941154,197.5,30.29,321
107,19.636604036056667,379.5,39.65,311
108,18.945294833019222,376.5,35.12,310
109,18.29974206642193,397.5,47.45,309
110,18.259144932391276,419.5,38.79,309
111,23.914128384189162,213,11.76,321
112,19.531208830993474,395,21.119999999999997,311
113,18.850472405527828,392,16.59,310
114,18.34827505935158,413,28.92,309
115,18.242927710100297,435,20.259999999999998,309
116,23.59985500979154,209,25.5,321
117,19.10737622086923,391,34.86,311
118,18.446293508102475,388,30.33,310
119,17.867032421056155,409,42.66,309
120,17.830829525453712,431,34.0,309
121,23.57998652751789,247,17.68,321
122,19.07035693814581,429,27.04,311
123,18.326075000430407,426,22.509999999999998,310
124,17.80571125064568,447,34.84,309
125,17.97701742861982,469,26.18,309
126,26.897409728755914,184,70,338
127,22.825002302120282,366,79.36,342
128,22.094831510746772,363,74.83,343
129,21.547063609469365,384,87.16,342
130,21.626933380046598,406,78.5,342
131,22.933881683152226,273.5,93.28999999999999,342
132,18.88392739609628,455.5,102.65,343
133,18.16159772011044,452.5,98.12,343
134,17.60684392345205,473.5,110.44999999999999,345
135,17.544106191401216,495.5,101.78999999999999,345
136,22.886297454271617,289,74.76,342
137,18.8022447058483,471,84.12,343
138,17.98849067628638,468,79.59,343
139,17.510830757442616,489,91.92,345
140,17.473869280195355,511,83.26,345
141,22.27833080518237,285,88.5,342
142,18.291828305092775,467,97.86,343
143,17.57672451529658,464,93.33,344
144,17.138494682900497,485,105.66,345
145,17.20398854771861,507,97.0,345
146,22.344516363852712,323,80.68,342
147,18.353702592249544,505,90.03999999999999,343
148,17.633027535089102,502,85.50999999999999,344
149,17.122439003055057,523,97.84,345
150,17.11432697286165,545,89.18,345
151,24.872496058292114,243.7,80,317
152,20.533619144612583,425.7,89.36,307
153,19.865180878743793,422.7,84.83,306
154,19.39002856947516,443.7,97.16,306
155,19.21810322317779,465.7,88.5,305
156,21.06452256195599,333.2,103.28999999999999,320
157,16.751638828145715,515.2,112.65,308
158,15.93610785650777,512.2,108.12,307
159,15.588366520991052,533.2,120.44999999999999,306
160,15.520458435481169,555.2,111.78999999999999,306
161,21.059222002938224,348.7,84.76,320
162,16.757551291800947,530.7,94.12,307
163,15.875366823801278,527.7,89.59,307
164,15.419918437451695,548.7,101.92,306
165,15.278804320008753,570.7,93.26,306
166,20.677699563738038,344.7,98.5,320
167,16.273407779940474,526.7,107.86,307
168,15.541214625897002,523.7,103.33,307
169,15.147855273616228,544.7,115.66,306
170,15.09138743001865,566.7,107.0,306
171,20.536321331848054,382.7,90.68,320
172,16.240700891538133,564.7,100.03999999999999,307
173,15.5415599688203,561.7,95.50999999999999,307
174,15.076482317594872,582.7,107.84,306
175,14.991933409410331,604.7,99.18,306
176,24.731764938767927,261,75.92,316
177,20.480157326162058,443,85.28,306
178,19.59573179543076,440,80.75,305
179,19.036458301191878,461,93.08,303
180,19.07026884903508,483,84.42,303
181,20.86864315286164,350.5,99.21000000000001,317
182,16.5883252240503,532.5,108.57,306
183,15.847144294737667,529.5,104.03999999999999,306
184,15.326056051178755,550.5,116.37,304
185,15.252219372972023,572.5,107.71000000000001,304
186,20.76970588874011,366,80.68,317
187,16.56662354123928,548,90.04,306
188,15.669872251776596,545,85.51,306
189,15.171820170946015,566,97.84,304
190,15.187965175557155,588,89.18,304
191,20.488653458323245,362,94.42,317
192,16.119229619311294,544,103.78,306
193,15.466504677062568,541,99.25,306
194,14.828260006938217,562,111.58,304
195,14.863710205006724,584,102.92,304
196,20.377847041036095,400,86.6,317
197,15.98417275099085,582,95.96000000000001,306
198,15.408399083495038,579,91.43,306
199,14.911705902533543,600,103.75999999999999,304
200,14.881471750461005,622,95.1,304
201,24.599208223676413,271.9,81,316
202,20.222402668092382,453.9,90.36,305
203,19.507443063894495,450.9,85.83,303
204,18.892074262925323,471.9,98.16,302
205,18.934550832383007,493.9,89.5,302
206,20.71556349313331,361.4,104.28999999999999,317
207,16.46735134024069,543.4,113.65,306
208,15.71841096014815,540.4,109.12,306
209,15.135433434290556,561.4,121.44999999999999,304
210,15.120134898506214,583.4,112.78999999999999,304
211,20.6175206626397,376.9,85.76,316
212,16.38776026284739,558.9,95.12,306
213,15.5707132441539,555.9,90.59,306
214,15.016095715509598,576.9,102.92,304
215,14.982299661450124,598.9,94.26,304
216,20.32301022411387,372.9,99.5,316
217,15.97530182512083,554.9,108.86,306
218,15.29950024103085,551.9,104.33,306
219,14.720775452875085,572.9,116.66,304
220,14.817330744836019,594.9,108.0,304
221,20.286601790322077,410.9,91.68,316
222,15.974561224320231,592.9,101.03999999999999,306
223,15.30561753662603,589.9,96.50999999999999,306
224,14.759277493687033,610.9,108.84,304
225,14.783043088737166,632.9,100.18,304
226,24.521645868437478,292,77,316
227,20.223132798156854,474,86.36,305
228,19.533411755047005,471,81.83,303
229,18.924066566828973,492,94.16,302
230,19.08157483133664,514,85.5,302
231,20.777099184266692,381.5,100.28999999999999,316
232,16.397198622956985,563.5,109.65,306
233,15.81328620961042,560.5,105.12,306
234,15.139652845769527,581.5,117.44999999999999,304
235,15.134105103788162,603.5,108.78999999999999,304
236,20.56325753357463,397,81.76,316
237,16.299685790802787,579,91.12,306
238,15.524724015436954,576,86.59,306
239,14.987942248570693,597,98.92,304
240,14.974249286076057,619,90.26,304
241,20.220798185369194,393,95.5,316
242,16.020790214393376,575,104.86,306
243,15.337949784200932,572,100.33,306
244,14.635139410197809,593,112.66,304
245,14.795759406967383,615,104.0,304
246,20.239542853597953,431,87.68,316
247,15.910562797791078,613,97.03999999999999,306
248,15.309006924512289,610,92.50999999999999,306
249,14.722746939832208,631,104.84,304
250,14.702298417409573,653,96.18,304
251,26.471810129206993,485,50,339
252,22.27097006284761,667,59.36,343
253,21.623661108689042,664,54.83,343
254,21.133935283248537,685,67.16,343
255,21.121159629779246,707,58.5,342
256,22.41072126416816,574.5,73.28999999999999,342
257,18.447035919094095,756.5,82.65,343
258,17.687588028617217,753.5,78.12,344
259,17.103586064063972,774.5,90.44999999999999,345
260,17.050782377978585,796.5,81.78999999999999,345
261,22.36429618343369,590,54.76,342
262,18.27658657448811,772,64.12,343
263,17.527782117440413,769,59.589999999999996,344
264,16.853847307208063,790,71.92,345
265,16.907291473971775,812,63.26,345
266,21.82910154371693,586,68.5,342
267,17.98201637185893,768,77.86,343
268,17.118085029792326,765,73.33,344
269,16.673348538762838,786,85.66,345
270,16.73062467466168,808,77.0,345
271,21.826842099080086,624,60.68,342
272,17.970525051287897,806,70.03999999999999,343
273,17.140807336143197,803,65.50999999999999,344
274,16.644012566749232,824,77.84,345
275,16.673115560717157,846,69.18,345
276,24.330122772262182,544.7,60,317
277,20.116247143123633,726.7,69.36,307
278,19.46923028176956,723.7,64.83,305
279,18.826091696597118,744.7,77.16,304
280,18.84582889025813,766.7,68.5,304
281,20.62534427954002,634.2,83.28999999999999,317
282,16.411358784753418,816.2,92.65,307
283,15.671165379838646,813.2,88.12,307
284,15.051785928228355,834.2,100.44999999999999,306
285,15.043292762232547,856.2,91.78999999999999,306
286,20.554417708757548,649.7,64.76,317
287,16.277717477584016,831.7,74.12,307
288,15.406953255889741,828.7,69.59,307
289,14.883336320415523,849.7,81.92,305
290,14.900926245361148,871.7,73.26,305
291,20.219635928860296,645.7,78.5,317
292,15.783859377257187,827.7,87.86,307
293,15.26106865913599,824.7,83.33,307
294,14.603488931351917,845.7,95.66,306
295,14.661880164345966,867.7,87.0,305
296,20.200548260981144,683.7,70.68,317
297,15.859169404760662,865.7,80.03999999999999,307
298,15.174904338838143,862.7,75.50999999999999,307
299,14.671411579799278,883.7,87.84,305
300,14.565517722379251,905.7,79.18,305
301,24.16765467758251,562,55.92,316
302,19.930235611399986,744,65.28,305
303,19.073035637670788,741,60.75,303
304,18.653629937716328,762,73.08,302
305,18.530376571495736,784,64.42,302
306,20.43058802578896,651.5,79.21000000000001,316
307,16.13971396489219,833.5,88.57,306
308,15.293964536199299,830.5,84.03999999999999,306
309,14.853339674590977,851.5,96.37,304
310,14.785756910694843,873.5,87.71000000000001,304
311,20.27498124747185,667,60.68,316
312,15.90158720595569,849,70.04,306
313,15.196400193518787,846,65.51,306
314,14.690383352111699,867,77.84,304
315,14.67926879948514,889,69.18,304
316,20.024019457825375,663,74.42,316
317,15.709875681203348,845,83.78,306
318,14.98875962509492,842,79.25,305
319,14.445961791658496,863,91.58,304
320,14.44231589052182,885,82.92,304
321,19.90026276364611,701,66.6,316
322,15.698655254951326,883,75.96000000000001,306
323,14.863089142015541,880,71.43,305
324,14.374460444360425,901,83.75999999999999,304
325,14.440743952376986,923,75.1,304
326,24.110026755529532,572.9,61,316
327,19.837383594494213,754.9,70.36,304
328,19.11563641045439,751.9,65.83,302
329,18.584581519836863,772.9,78.16,300
330,18.547873866398135,794.9,69.5,300
331,20.272948027081718,662.4,84.28999999999999,316
332,15.858533663327268,844.4,93.65,306
333,15.21210145498674,841.4,89.12,304
334,14.721071141845812,862.4,101.44999999999999,302
335,14.734683051312926,884.4,92.78999999999999,303
336,20.161659943948013,677.9,65.76,316
337,15.960499535935675,859.9,75.12,306
338,15.12610287522804,856.9,70.59,304
339,14.56653496268445,877.9,82.92,302
340,14.503809516604566,899.9,74.26,302
341,19.773823345467857,673.9,79.5,316
342,15.575519988061687,855.9,88.86,306
343,14.786088340104145,852.9,84.33,304
344,14.250489466453482,873.9,96.66,302
345,14.306227308133728,895.9,88.0,302
346,19.977464163182287,711.9,71.68,316
347,15.548007069956105,893.9,81.03999999999999,306
348,14.750085790642139,890.9,76.50999999999999,304
349,14.283809037120104,911.9,88.84,302
350,14.341874167024152,933.9,80.18,302
351,23.98577125931788,593,57,316
352,19.799417068076743,775,66.36,304
353,18.965840361915834,772,61.83,302
354,18.571232051022545,793,74.16,300
355,18.570864244483886,815,65.5,300
356,20.428576388385647,682.5,80.28999999999999,316
357,16.024375408955763,864.5,89.65,306
358,15.204004602930887,861.5,85.12,304
359,14.657969842996526,882.5,97.44999999999999,302
360,14.688218038142654,904.5,88.78999999999999,302
361,20.265895156490505,698,61.76,316
362,15.89742695886458,880,71.12,306
363,14.996923849819947,877,66.59,304
364,14.544902255880933,898,78.92,302
365,14.521024765460854,920,70.26,302
366,19.83681149756516,694,75.5,316
367,15.60790979320856,876,84.86,306
368,14.729214233323402,873,80.33,304
369,14.295309562207267,894,92.66,302
370,14.262279831105193,916,84.0,302
371,19.847362651420145,732,67.68,316
372,15.506915297470211,914,77.03999999999999,306
373,14.70727973403432,911,72.50999999999999,304
374,14.289287571247012,932,84.84,302
375,14.282566260114534,954,76.18,302
376,25.41461955900983,295,150,339
377,21.27325503389106,477,159.36,343
378,20.56531255049358,474,154.83,343
379,20.16732903557389,495,167.16,343
380,20.12093825255306,517,158.5,343
381,21.43477228688098,384.5,173.29,342
382,17.347101977290087,566.5,182.65,344
383,16.566761529879535,563.5,178.12,345
384,16.00913465690277,584.5,190.45,346
385,15.942301504196156,606.5,181.79,346
386,21.292721380973042,400,154.76,342
387,17.266371796755124,582,164.12,344
388,16.43601316401425,579,159.59,345
389,15.871006279299303,600,171.92,346
390,15.812412895811857,622,163.26,346
391,20.86542125434921,396,168.5,342
392,16.812120320612266,578,177.86,344
393,16.122709446867386,575,173.33,345
394,15.547744962380547,596,185.66,346
395,15.57866321792891,618,177.0,346
396,20.983080652589756,434,160.68,342
397,16.84881584146627,616,170.04000000000002,344
398,16.138170211902377,613,165.51000000000002,345
399,15.577207775849542,634,177.84,346
400,15.62493587455063,656,169.18,346
401,23.37079517170008,354.7,160,316
402,19.03678610682614,536.7,169.36,303
403,18.320461863922045,533.7,164.83,302
404,17.706380484304795,554.7,177.16,300
405,17.718517731734057,576.7,168.5,300
406,19.57253551211738,444.2,183.29,316
407,15.207813380744767,626.2,192.65,305
408,14.465132237900063,623.2,188.12,304
409,13.895269511250788,644.2,200.45,302
410,13.955921446311514,666.2,191.79,301
411,19.437926570397455,459.7,164.76,316
412,14.976883974169345,641.7,174.12,305
413,14.285198428198058,638.7,169.59,304
414,13.859457975653509,659.7,181.92,301
415,13.847153311470072,681.7,173.26,301
416,19.272869193418014,455.7,178.5,316
417,14.780230085513383,637.7,187.86,305
418,14.164742614101295,634.7,183.33,304
419,13.621039240357412,655.7,195.66,301
420,13.558221997591431,677.7,187.0,301
421,19.1264691345078,493.7,170.68,316
422,14.781248896600106,675.7,180.04000000000002,305
423,14.055048448352942,672.7,175.51000000000002,304
424,13.577196210726658,693.7,187.84,301
425,13.548237826999697,715.7,179.18,301
426,23.180884543428885,372,155.92,315
427,18.86139696356484,554,165.27999999999997,301
428,18.13698395232022,551,160.75,300
429,17.61731784677672,572,173.07999999999998,300
430,17.599888213814594,594,164.42,300
431,19.458424208473787,461.5,179.20999999999998,316
432,14.94981319395753,643.5,188.56999999999996,304
433,14.264139730172799,640.5,184.04,300
434,13.756395362030696,661.5,196.36999999999998,300
435,13.759045517326904,683.5,187.70999999999998,300
436,19.250729220238107,477,160.67999999999998,316
437,14.848655342738326,659,170.03999999999996,303
438,14.123361420957492,656,165.51,300
439,13.70780623038784,677,177.83999999999997,300
440,13.554895513058144,699,169.17999999999998,300
441,18.994951298454673,473,174.42,315
442,14.5326412309352,655,183.77999999999997,303
443,13.980974859047338,652,179.25,300
444,13.385018232315137,673,191.57999999999998,300
445,13.352599863279512,695,182.92,300
446,18.94989633850092,511,166.6,315
447,14.494722585133058,693,175.95999999999998,303
448,13.947427007319213,690,171.43,300
449,13.336206417436502,711,183.76,300
450,13.328781777737959,733,175.1,300
451,22.912439933462867,382.9,161,315
452,18.81027712777286,564.9,170.36,300
453,18.00760224545537,561.9,165.83,300
454,17.535212115621643,582.9,178.16,300
455,17.35681467339931,604.9,169.5,300
456,19.151550545134956,472.4,184.29,314
457,14.778903283087171,654.4,193.65,301
458,14.18732664325387,651.4,189.12,300
459,13.697385467641613,672.4,201.45,300
460,13.629602831611912,694.4,192.79,300
461,19.066052190712288,487.9,165.76,314
462,14.726604980041856,669.9,175.12,301
463,14.023835401180555,666.9,170.59,300
464,13.554940178534405,687.9,182.92,300
465,13.594587420451878,709.9,174.26,300
466,18.822443794766194,483.9,179.5,314
467,14.369827679656954,665.9,188.86,300
468,13.822317978346048,662.9,184.33,300
469,13.25976121666978,683.9,196.66,300
470,13.197032712689248,705.9,188.0,300
471,18.662738430961266,521.9,171.68,314
472,14.369030041972973,703.9,181.04000000000002,300
473,13.76939179742742,700.9,176.51000000000002,300
474,13.21490380553404,721.9,188.84,300
475,13.209127359242027,743.9,180.18,300
476,23.041716978226617,403,157,314
477,18.71238318282388,585,166.36,300
478,17.97069907485664,582,161.83,300
479,17.332276172724583,603,174.16,300
480,17.320120388142083,625,165.5,300
481,19.194557815200284,492.5,180.29,314
482,14.763087358976858,674.5,189.65,301
483,14.190898759251903,671.5,185.12,300
484,13.573058074446188,692.5,197.45,300
485,13.550501069548707,714.5,188.79,300
486,19.09492971312783,508,161.76,314
487,14.670528112870098,690,171.12,300
488,13.967524604150473,687,166.59,300
489,13.596214555524206,708,178.92,300
490,13.462294305054238,730,170.26,300
491,18.92734931114346,504,175.5,314
492,14.440646871216433,686,184.86,301
493,13.841766350431598,683,180.33,300
494,13.215677599867469,704,192.66,300
495,13.233602184480656,726,184.0,300
496,18.779670995057437,542,167.68,314
497,14.399548476829718,724,177.04000000000002,301
498,13.74565433619085,721,172.51000000000002,300
499,13.23620073845541,742,184.84,300
500,13.253016877897082,764,176.18,300
501,24.886211949893735,622,120,340
502,20.89412521359874,804,129.36,343
503,20.076559828356622,801,124.83,344
504,19.705174808017105,822,137.16,344
505,19.6135847849746,844,128.5,344
506,20.872233400029458,711.5,143.29,343
507,16.85379562646815,893.5,152.65,344
508,16.1064057546455,890.5,148.12,345
509,15.553574248004715,911.5,160.45,346
510,15.53037935613176,933.5,151.79,346
511,20.83532703031351,727,124.76,343
512,16.709278744167154,909,134.12,345
513,15.839034659635697,906,129.59,345
514,15.354820537423091,927,141.92,346
515,15.419594741341793,949,133.26,346
516,20.37007888006655,723,138.5,343
517,16.532449927965047,905,147.86,345
518,15.672859881760473,902,143.32999999999998,345
519,15.29757630052575,923,155.66,346
520,15.337564575020334,945,147.0,346
521,20.523087565157695,761,130.68,343
522,16.421697428427798,943,140.04000000000002,345
523,15.774484458029919,940,135.51,345
524,15.294875464287955,961,147.84,346
525,15.258365486929637,983,139.18,346
526,22.936548376526215,681.7,130,316
527,18.610382214398477,863.7,139.36,302
528,17.949445281475,860.7,134.83,301
529,17.26335565058091,881.7,147.16,300
530,17.228150389155992,903.7,138.5,300
531,19.087257819295118,771.2,153.29,316
532,14.724944939076709,953.2,162.65,304
533,14.115594149367798,950.2,158.12,302
534,13.511930900570299,971.2,170.45,301
535,13.61526274787019,993.2,161.79,301
536,18.902003861826266,786.7,134.76,316
537,14.625092088082871,968.7,144.12,304
538,13.812538561518481,965.7,139.59,301
539,13.505581360238049,986.7,151.92,300
540,13.449081139995796,1008.7,143.26,301
541,18.637786060135678,782.7,148.5,316
542,14.293781099124772,964.7,157.86,304
543,13.621395927822736,961.7,153.33,302
544,13.18245566710369,982.7,165.66,301
545,13.13986086079906,1004.7,157.0,301
546,18.6646468232832,820.7,140.68,316
547,14.28121932555893,1002.7,150.04000000000002,304
548,13.598077132922748,999.7,145.51000000000002,302
549,13.18506847501011,1020.7,157.84,301
550,13.188224571932526,1042.7,149.18,301
551,22.692750486584885,699,125.92,315
552,18.452321883119225,881,135.28,300
553,17.62418186933699,878,130.75,300
554,17.13050340691451,899,143.08,300
555,17.082959918586916,921,134.42000000000002,300
556,18.851622699104585,788.5,149.21,314
557,14.60631794423546,970.5,158.57,301
558,13.975726487229235,967.5,154.04,300
559,13.381778335828894,988.5,166.37,300
560,13.377871925913851,1010.5,157.71,300
561,18.721599442966422,804,130.68,314
562,14.440286665477092,986,140.04,301
563,13.874318812502171,983,135.51,300
564,13.280282298064414,1004,147.84,300
565,13.2697456033777,1026,139.18,300
566,18.454096225926868,800,144.42000000000002,314
567,14.121000750569161,982,153.78,301
568,13.492942279554757,979,149.25,300
569,12.925320431166616,1000,161.58,300
570,12.918348033622921,1022,152.92000000000002,300
571,18.319208873387232,838,136.6,314
572,14.27993017806998,1020,145.96,301
573,13.468178414546905,1017,141.43,300
574,13.033525285694314,1038,153.76000000000002,300
575,12.942884968264423,1060,145.10000000000002,300
576,22.675146800392838,709.9,131,314
577,18.386125284278318,891.9,140.36,300
578,17.431072969490543,888.9,135.83,300
579,16.97643751866371,909.9,148.16,300
580,16.987845415046873,931.9,139.5,300
581,18.7299770630907,799.4,154.29,314
582,14.426379297615826,981.4,163.65,300
583,13.858456126979627,978.4,159.12,300
584,13.213224558383532,999.4,171.45,300
585,13.265724050542932,1021.4,162.79,300
586,18.54520840801507,814.9,135.76,314
587,14.293580406363098,996.9,145.12,300
588,13.67897973934704,993.9,140.59,300
589,13.120466990492762,1014.9,152.92,300
590,13.167174165286326,1036.9,144.26,300
591,18.351934274685203,810.9,149.5,314
592,14.035007194093527,992.9,158.86,300
593,13.33999770457548,989.9,154.33,300
594,12.879809068562063,1010.9,166.66,300
595,12.828599150787998,1032.9,158.0,300
596,18.182814358577076,848.9,141.68,314
597,14.092857351888805,1030.9,151.04000000000002,300
598,13.312137061502705,1027.9,146.51000000000002,300
599,12.832139530083204,1048.9,158.84,300
600,12.831242046883784,1070.9,150.18,300
601,22.49472295306419,730,127,314
602,18.26087613614787,912,136.36,300
603,17.624251075565915,909,131.83,300
604,16.935003018562718,930,144.16,300
605,16.949515027268887,952,135.5,300
606,18.70666624816309,819.5,150.29,314
607,14.444379609425846,1001.5,159.65,300
608,13.871965149415216,998.5,155.12,300
609,13.259825363212355,1019.5,167.45,300
610,13.191014430280212,1041.5,158.79,300
611,18.574332272760667,835,131.76,314
612,14.254827112275326,1017,141.12,300
613,13.647842272040076,1014,136.59,300
614,13.158931931064068,1035,148.92,300
615,13.095420985733716,1057,140.26,300
616,18.302250034785875,831,145.5,314
617,14.08804943873729,1013,154.86,300
618,13.304152348166578,1010,150.33,300
619,12.881656052469177,1031,162.66,300
620,12.819851076310721,1053,154.0,300
621,18.237328137135318,869,137.68,314
622,14.00710034163692,1051,147.04000000000002,300
623,13.342096058820296,1048,142.51000000000002,300
624,12.822819013520776,1069,154.84,300
625,12.751411269693516,1091,146.18,300
1,22.166712550710862,0,0,321
2,19.53411613477928,182,9.36,323
3,18.872881065982586,179,4.83,322
4,18.437423047740666,200,17.16,322
5,18.293398768431693,222,8.5,322
6,19.44998459059636,89.5,23.29,321
7,16.576351206759377,271.5,32.65,324
8,16.08751211891289,268.5,28.119999999999997,325
9,15.62542573184086,289.5,40.45,326
10,15.566017185307006,311.5,31.79,326
11,19.211430489445593,105,4.76,321
12,16.50926204892366,287,14.12,324
13,16.044134775595086,284,9.59,325
14,15.484052702613804,305,21.92,326
15,15.511505955321464,327,13.26,326
16,19.066212083086434,101,18.5,321
17,16.202923960601364,283,27.86,324
18,15.603309101418422,280,23.33,325
19,15.294872536809672,301,35.66,326
20,15.211429522852974,323,27.0,326
21,18.93811758294377,139,10.68,321
22,16.13138798241805,321,20.04,324
23,15.580668870996622,318,15.51,325
24,15.332841956542687,339,27.84,326
25,15.281100409760858,361,19.18,326
26,20.437423309076777,59.7,10,292
27,17.384110686402895,241.7,19.36,284
28,16.778788070080758,238.7,14.83,283
29,16.4899888187452,259.7,27.16,283
30,16.431648112568038,281.7,18.5,283
31,17.599991787262265,149.2,33.29,294
32,14.523993544587944,331.2,42.65,288
33,14.123843343822925,328.2,38.12,285
34,13.64651032046014,349.2,50.45,284
35,13.61294366155499,371.2,41.79,284
36,17.36295139589353,164.7,14.76,293
37,14.451309908717333,346.7,24.119999999999997,288
38,13.984118360755637,343.7,19.59,285
39,13.584376795878514,364.7,31.92,284
40,13.543084876188889,386.7,23.259999999999998,284
41,17.22973409893538,160.7,28.5,293
42,14.25575711846575,342.7,37.86,288
43,13.82849318176217,339.7,33.33,285
44,13.3090272768038,360.7,45.66,284
45,13.163322186374323,382.7,37.0,284
46,17.12262055659795,198.7,20.68,293
47,14.143656190165206,380.7,30.04,288
48,13.812130010266335,377.7,25.509999999999998,284
49,13.224259163242419,398.7,37.84,284
50,13.314969378117903,420.7,29.18,284
51,20.09607495562918,77,5.92,290
52,17.1708380633174,259,15.28,282
53,16.700511956550613,256,10.75,281
54,16.377805131347795,277,23.08,280
55,16.280570812292805,299,14.42,280
56,17.47229327953964,166.5,29.21,293
57,14.484676253753072,348.5,38.57,284
58,13.826345844365596,345.5,34.04,284
59,13.493466624433328,366.5,46.37,284
60,13.487594028375332,388.5,37.71,284
61,17.220010961722465,182,10.68,292
62,14.268682640954728,364,20.04,284
63,13.69798573173202,361,15.51,284
64,13.376263555524252,382,27.839999999999996,284
65,13.395633425273468,404,19.18,284
66,17.073903523894394,178,24.42,292
67,14.0596642626764,360,33.78,284
68,13.436916851107666,357,29.25,284
69,13.110370807626667,378,41.58,284
70,13.201543112551018,400,32.92,283
71,17.007411309496863,216,16.6,292
72,14.058171360162865,398,25.96,284
73,13.548985374127014,395,21.43,284
74,13.123623173567804,416,33.76,284
75,13.085661234969217,438,25.1,283
76,20.146439034466926,87.9,11,290
77,17.250174616860065,269.9,20.36,281
78,16.5676822111698,266.9,15.83,281
79,16.064274172297512,287.9,28.16,279
80,16.247708157176394,309.9,19.5,279
81,17.200313614594616,177.4,34.29,290
82,14.345230316826571,359.4,43.65,283
83,13.74409873185199,356.4,39.12,282
84,13.454799981701154,377.4,51.45,282
85,13.399064595975979,399.4,42.79,282
86,17.11837256336639,192.9,15.76,290
87,14.168738979238588,374.9,25.119999999999997,283
88,13.672655324766616,371.9,20.59,282
89,13.294825301688814,392.9,32.92,281
90,13.21656253147646,414.9,24.259999999999998,281
91,16.889725699826705,188.9,29.5,290
92,13.957944365401115,370.9,38.86,283
93,13.43647699564799,367.9,34.33,282
94,13.003174851582644,388.9,46.66,281
95,12.964355821661353,410.9,38.0,281
96,16.950015978039296,226.9,21.68,290
97,13.971509907413035,408.9,31.04,283
98,13.538480742352716,405.9,26.509999999999998,282
99,12.97046922732464,426.9,38.84,281
100,13.057530355335237,448.9,30.18,281
101,20.065595872099472,108,7,290
102,17.148611457847434,290,16.36,281
103,16.65645245242689,287,11.83,280
104,16.048111773836144,308,24.16,279
105,16.187540259044017,330,15.5,279
106,17.356611580117576,197.5,30.29,290
107,14.240335134813163,379.5,39.65,283
108,13.778052895093845,376.5,35.12,282
109,13.293867118029041,397.5,47.45,282
110,13.506741620137465,419.5,38.79,282
111,17.09959152706028,213,11.76,290
112,14.247523351685803,395,21.119999999999997,283
113,13.683937879446166,392,16.59,282
114,13.319382136232866,413,28.92,281
115,13.2943933106801,435,20.259999999999998,281
116,16.90951270286775,209,25.5,290
117,14.005781757757426,391,34.86,283
118,13.380819008864323,388,30.33,282
119,13.00741436026207,409,42.66,281
120,12.99337003708553,431,34.0,280
121,16.96491685507756,247,17.68,290
122,13.954797262816877,429,27.04,283
123,13.3739506378538,426,22.509999999999998,282
124,12.980864676214784,447,34.84,281
125,12.995744348481848,469,26.18,280
126,19.839223872546448,184,70,322
127,17.071121038148803,366,79.36,323
128,16.46843264964687,363,74.83,322
129,16.052921312783468,384,87.16,323
130,16.074494058111824,406,78.5,323
131,17.087675037008275,273.5,93.28999999999999,324
132,14.080265507127947,455.5,102.65,325
133,13.61421394926703,452.5,98.12,326
134,13.249527107377654,473.5,110.44999999999999,327
135,13.196314831679052,495.5,101.78999999999999,327
136,16.91904394507139,289,74.76,324
137,13.957803340410043,471,84.12,326
138,13.570933554384435,468,79.59,326
139,13.177124886759003,489,91.92,327
140,13.108781731773972,511,83.26,326
141,16.66499878092407,285,88.5,324
142,13.763378942662653,467,97.86,326
143,13.202922089448439,464,93.33,326
144,12.934877848972201,485,105.66,327
145,12.795772841767022,507,97.0,327
146,16.60440719539747,323,80.68,324
147,13.804521620842856,505,90.03999999999999,326
148,13.268148927918174,502,85.50999999999999,326
149,12.91995210728205,523,97.84,327
150,12.875193221631195,545,89.18,327
151,17.993845795383457,243.7,80,286
152,14.966787173417986,425.7,89.36,278
153,14.461760066188418,422.7,84.83,276
154,14.06378924348741,443.7,97.16,275
155,14.008607637651314,465.7,88.5,274
156,15.05964586350587,333.2,103.28999999999999,286
157,12.151822562209176,515.2,112.65,279
158,11.541781897796902,512.2,108.12,279
159,11.139336791057685,533.2,120.44999999999999,277
160,11.157199242233988,555.2,111.78999999999999,276
161,15.01619764598158,348.7,84.76,286
162,12.00087671910436,530.7,94.12,279
163,11.53087583597191,527.7,89.59,279
164,11.166233505846836,548.7,101.92,277
165,11.059569496869491,570.7,93.26,276
166,14.768589263670735,344.7,98.5,286
167,11.81417374111447,526.7,107.86,279
168,11.224194901011437,523.7,103.33,279
169,10.84443345336606,544.7,115.66,277
170,10.786817646523943,566.7,107.0,276
171,14.70659031865172,382.7,90.68,286
172,11.812048342876453,564.7,100.03999999999999,279
173,11.120818662332022,561.7,95.50999999999999,279
174,10.796971758491754,582.7,107.84,277
175,10.755314682501284,604.7,99.18,276
176,17.80694006237741,261,75.92,286
177,14.791742925066506,443,85.28,275
178,14.393023538528082,440,80.75,272
179,13.833598809606686,461,93.08,271
180,13.754287424786764,483,84.42,272
181,15.022598073892167,350.5,99.21000000000001,286
182,11.944157996191102,532.5,108.57,278
183,11.343090497261185,529.5,104.03999999999999,276
184,11.063090520109721,550.5,116.37,274
185,11.051908921623658,572.5,107.71000000000001,274
186,14.841588748832294,366,80.68,286
187,11.82337243627021,548,90.04,278
188,11.296671914896441,545,85.51,276
189,10.94762739193277,566,97.84,274
190,10.94844397397734,588,89.18,274
191,14.613806034810558,362,94.42,286
192,11.64368271458981,544,103.78,278
193,11.032876883880613,541,99.25,276
194,10.743595062245118,562,111.58,275
195,10.72587903204072,584,102.92,275
196,14.656351278011234,400,86.6,286
197,11.649978930343929,582,95.96000000000001,278
198,11.066676582569151,579,91.43,276
199,10.66643906184858,600,103.75999999999999,275
200,10.675658016048361,622,95.1,275
201,17.781684887881976,271.9,81,285
202,14.571887509635202,453.9,90.36,272
203,14.064845853898472,450.9,85.83,271
204,13.750731128595486,471.9,98.16,270
205,13.718321981455082,493.9,89.5,270
206,14.877924111186424,361.4,104.28999999999999,285
207,11.877666991548994,543.4,113.65,276
208,11.410166288020553,540.4,109.12,273
209,10.953517832700747,561.4,121.44999999999999,273
210,10.968812288205868,583.4,112.78999999999999,274
211,14.754062242418671,376.9,85.76,285
212,11.793312898952264,558.9,95.12,276
213,11.289269091430839,555.9,90.59,273
214,10.82985905050712,576.9,102.92,273
215,10.857604571043955,598.9,94.26,273
216,14.477449700148538,372.9,99.5,285
217,11.487243692972402,554.9,108.86,276
218,10.917435550163704,551.9,104.33,274
219,10.573152452949968,572.9,116.66,273
220,10.555115851221638,594.9,108.0,273
221,14.510094031672992,410.9,91.68,285
222,11.51079047675917,592.9,101.03999999999999,276
223,11.096961131217904,589.9,96.50999999999999,274
224,10.520299507419576,610.9,108.84,273
225,10.526321951614882,632.9,100.18,273
226,17.675543804895447,292,77,285
227,14.715954325467806,474,86.36,272
228,14.032154618341371,471,81.83,271
229,13.710806502254417,492,94.16,270
230,13.657296840794166,514,85.5,270
231,14.752924233470951,381.5,100.28999999999999,285
232,11.904625881096385,563.5,109.65,276
233,11.27372395644771,560.5,105.12,274
234,10.937174067707183,581.5,117.44999999999999,274
235,10.87307826607991,603.5,108.78999999999999,274
236,14.811398871185595,397,81.76,285
237,11.721875819661177,579,91.12,275
238,11.178485734968858,576,86.59,274
239,10.77140162031618,597,98.92,274
240,10.85200368730192,619,90.26,273
241,14.528120619320887,393,95.5,285
242,11.505680560111678,575,104.86,275
243,10.953348767366391,572,100.33,274
244,10.601286453792152,593,112.66,273
245,10.624865157443756,615,104.0,273
246,14.492172579869203,431,87.68,285
247,11.519182183939341,613,97.03999999999999,275
248,10.998057156254658,610,92.50999999999999,274
249,10.592121702017158,631,104.84,273
250,10.520387907427587,653,96.18,273
251,19.45456759551923,485,50,323
252,16.760862862354923,667,59.36,323
253,16.15539869191803,664,54.83,323
254,15.78276669174674,685,67.16,323
255,15.902359523906835,707,58.5,323
256,16.831258244055125,574.5,73.28999999999999,324
257,13.935292568046757,756.5,82.65,326
258,13.312248356248528,753.5,78.12,326
259,12.909143084605194,774.5,90.44999999999999,326
260,12.89886239549676,796.5,81.78999999999999,326
261,16.63136729549163,590,54.76,324
262,13.768186992366267,772,64.12,326
263,13.222058614528502,769,59.589999999999996,327
264,12.789572005045407,790,71.92,326
265,12.787626455536934,812,63.26,327
266,16.18175460224248,586,68.5,324
267,13.395110486968235,768,77.86,326
268,12.858581418352767,765,73.33,327
269,12.5666847082971,786,85.66,329
270,12.446824816627982,808,77.0,328
271,16.405554657704158,624,60.68,324
272,13.448673195208638,806,70.03999999999999,326
273,12.835188152387852,803,65.50999999999999,327
274,12.564089305040913,824,77.84,329
275,12.596005324944521,846,69.18,327
276,17.59736877052976,544.7,60,286
277,14.63927287240322,726.7,69.36,277
278,14.157042898775318,723.7,64.83,275
279,13.698650998832642,744.7,77.16,274
280,13.656588701945838,766.7,68.5,274
281,14.761994636861772,634.2,83.28999999999999,286
282,11.75943386856636,816.2,92.65,279
283,11.259759368437168,813.2,88.12,278
284,10.875958745790816,834.2,100.44999999999999,276
285,10.857170980141998,856.2,91.78999999999999,276
286,14.672118129266524,649.7,64.76,286
287,11.601105068267746,831.7,74.12,279
288,11.129230180277137,828.7,69.59,278
289,10.722373536991407,849.7,81.92,276
290,10.757969157139177,871.7,73.26,276
291,14.43496807682387,645.7,78.5,286
292,11.460531668820927,827.7,87.86,279
293,10.82431578777354,824.7,83.33,278
294,10.504021316382579,845.7,95.66,276
295,10.506908950483886,867.7,87.0,276
296,14.374372731863113,683.7,70.68,286
297,11.515130105999269,865.7,80.03999999999999,279
298,10.818049001641846,862.7,75.50999999999999,278
299,10.514828451652132,883.7,87.84,276
300,10.479949070189612,905.7,79.18,276
301,17.464623677181986,562,55.92,285
302,14.42320968274863,744,65.28,274
303,13.843422489938995,741,60.75,271
304,13.498402743499929,762,73.08,270
305,13.587097542313629,784,64.42,270
306,14.715456392995469,651.5,79.21000000000001,286
307,11.579732847004903,833.5,88.57,276
308,11.064517392123008,830.5,84.03999999999999,275
309,10.73942474422023,851.5,96.37,274
310,10.69995550213784,873.5,87.71000000000001,274
311,14.494130959282675,667,60.68,285
312,11.500991137275198,849,70.04,276
313,11.014482001796013,846,65.51,274
314,10.617667588364958,867,77.84,273
315,10.578269950102268,889,69.18,273
316,14.343016354959362,663,74.42,285
317,11.370723224716976,845,83.78,277
318,10.723780555812796,842,79.25,275
319,10.382133482553364,863,91.58,274
320,10.267798646363854,885,82.92,273
321,14.223492414869733,701,66.6,285
322,11.26207622375127,883,75.96000000000001,277
323,10.76902649557623,880,71.43,274
324,10.437239963841428,901,83.75999999999999,274
325,10.36927875814658,923,75.1,274
326,17.304616849819713,572.9,61,285
327,14.34231650616711,754.9,70.36,271
328,13.849265663966781,751.9,65.83,270
329,13.453706460455615,772.9,78.16,269
330,13.38649423603426,794.9,69.5,269
331,14.526245418470642,662.4,84.28999999999999,285
332,11.527340099022219,844.4,93.65,275
333,10.968173240535739,841.4,89.12,273
334,10.577393963229992,862.4,101.44999999999999,272
335,10.600964995506184,884.4,92.78999999999999,271
336,14.428151973133955,677.9,65.76,285
337,11.468637620937406,859.9,75.12,274
338,10.915489317120317,856.9,70.59,273
339,10.53467978175068,877.9,82.92,271
340,10.527230340470068,899.9,74.26,270
341,14.174491720898992,673.9,79.5,285
342,11.179063927734319,855.9,88.86,274
343,10.652538832953866,852.9,84.33,273
344,10.261545995698482,873.9,96.66,271
345,10.287759955839716,895.9,88.0,270
346,14.15102401819616,711.9,71.68,285
347,11.200056597277511,893.9,81.03999999999999,274
348,10.7315924297062,890.9,76.50999999999999,273
349,10.232054276396886,911.9,88.84,271
350,10.233489251526375,933.9,80.18,270
351,17.26278543213625,593,57,285
352,14.389630723205569,775,66.36,271
353,13.858629086670208,772,61.83,270
354,13.54531795009921,793,74.16,269
355,13.458404474130454,815,65.5,268
356,14.535579333697708,682.5,80.28999999999999,285
357,11.53601463501359,864.5,89.65,274
358,10.985852979989438,861.5,85.12,273
359,10.631839478151083,882.5,97.44999999999999,272
360,10.636691444123802,904.5,88.78999999999999,270
361,14.437972854360755,698,61.76,285
362,11.442291327849093,880,71.12,274
363,10.853742067520823,877,66.59,273
364,10.494853225908475,898,78.92,270
365,10.400660570530363,920,70.26,269
366,14.226724678775676,694,75.5,285
367,11.208971704225736,876,84.86,274
368,10.640988272413757,873,80.33,274
369,10.196329706358314,894,92.66,270
370,10.290175086334784,916,84.0,269
371,14.124245492324352,732,67.68,285
372,11.116307762240348,914,77.03999999999999,274
373,10.647471586790425,911,72.50999999999999,274
374,10.256948164188973,932,84.84,270
375,10.211761211202473,954,76.18,269
376,18.72869617093522,295,150,323
377,15.870962491346107,477,159.36,323
378,15.382981218734486,474,154.83,323
379,14.90681435275437,495,167.16,325
380,14.9547010031032,517,158.5,325
381,15.969887147222414,384.5,173.29,324
382,13.026359510748552,566.5,182.65,326
383,12.521253197037707,563.5,178.12,326
384,12.140686572084665,584.5,190.45,327
385,12.022762563121708,606.5,181.79,327
386,15.85843567100079,400,154.76,324
387,12.958494272862813,582,164.12,326
388,12.414572168171963,579,159.59,326
389,11.968664195350552,600,171.92,327
390,11.996201099834574,622,163.26,327
391,15.65780970345326,396,168.5,324
392,12.674341960822286,578,177.86,326
393,12.143009333912342,575,173.33,327
394,11.783701621224761,596,185.66,327
395,11.757070295412678,618,177.0,327
396,15.651098768919146,434,160.68,324
397,12.724883512876545,616,170.04000000000002,326
398,12.176841824400027,613,165.51000000000002,327
399,11.793747890305077,634,177.84,327
400,11.70481906831009,656,169.18,327
401,16.83896763783832,354.7,160,286
402,13.876780324950376,536.7,169.36,273
403,13.296241256475808,533.7,164.83,270
404,12.867983878879452,554.7,177.16,267
405,12.836866074894226,576.7,168.5,267
406,13.912453380085864,444.2,183.29,286
407,10.947561067689398,626.2,192.65,276
408,10.379166896337535,623.2,188.12,275
409,10.083852845954498,644.2,200.45,273
410,10.115318799403152,666.2,191.79,273
411,13.917436236492241,459.7,164.76,286
412,10.857171209250463,641.7,174.12,276
413,10.33370991234062,638.7,169.59,274
414,10.012593687585836,659.7,181.92,273
415,10.035922494837092,681.7,173.26,272
416,13.588320617629543,455.7,178.5,286
417,10.570136922844709,637.7,187.86,276
418,10.162557000302575,634.7,183.33,274
419,9.720120374833444,655.7,195.66,273
420,9.72732144288724,677.7,187.0,272
421,13.533410612956455,493.7,170.68,286
422,10.649564466808915,675.7,180.04000000000002,276
423,10.08792959561515,672.7,175.51000000000002,274
424,9.708836514598621,693.7,187.84,273
425,9.690241031934361,715.7,179.18,272
426,16.58496919666705,372,155.92,285
427,13.683508432023778,554,165.27999999999997,270
428,13.152786274502725,551,160.75,266
429,12.734438632518343,572,173.07999999999998,264
430,12.72223273914572,594,164.42,264
431,13.763622334456336,461.5,179.20999999999998,285
432,10.81886449263921,643.5,188.56999999999996,272
433,10.284786809727581,640.5,184.04,270
434,9.993503997898557,661.5,196.36999999999998,265
435,9.889023034838853,683.5,187.70999999999998,265
436,13.786876056169323,477,160.67999999999998,285
437,10.760494099539331,659,170.03999999999996,272
438,10.260846112221728,656,165.51,269
439,9.887527557738933,677,177.83999999999997,265
440,9.858263066814382,699,169.17999999999998,265
441,13.459503620010125,473,174.42,285
442,10.54342444576902,655,183.77999999999997,273
443,9.848480846093297,652,179.25,268
444,9.537820961495225,673,191.57999999999998,266
445,9.50733445832007,695,182.92,266
446,13.42775520234182,511,166.6,285
447,10.485795434836731,693,175.95999999999998,273
448,9.945613128136582,690,171.43,268
449,9.549144289895139,711,183.76,266
450,9.596873385161691,733,175.1,266
451,16.61065841926346,382.9,161,283
452,13.679425520723042,564.9,170.36,268
453,12.97458332431258,561.9,165.83,264
454,12.643116888501607,582.9,178.16,264
455,12.636976679888337,604.9,169.5,264
456,13.84336918201816,472.4,184.29,285
457,10.73562266885522,654.4,193.65,269
458,10.256729759884863,651.4,189.12,265
459,9.809967929024266,672.4,201.45,264
460,9.85461542660497,694.4,192.79,264
461,13.748557027892565,487.9,165.76,284
462,10.651542271683102,669.9,175.12,269
463,10.04331172486998,666.9,170.59,265
464,9.762437049734636,687.9,182.92,264
465,9.716027061525566,709.9,174.26,264
466,13.38152779586704,483.9,179.5,284
467,10.388372061379668,665.9,188.86,269
468,9.960555526496199,662.9,184.33,265
469,9.447570798116926,683.9,196.66,264
470,9.425173078020912,705.9,188.0,264
471,13.35881598003176,521.9,171.68,284
472,10.450204883214994,703.9,181.04000000000002,269
473,9.880246551650577,700.9,176.51000000000002,265
474,9.456858420224133,721.9,188.84,264
475,9.361058991525246,743.9,180.18,264
476,16.55491425679266,403,157,283
477,13.614951707461874,585,166.36,268
478,12.9562962324932,582,161.83,264
479,12.690988338090415,603,174.16,264
480,12.550741161226393,625,165.5,264
481,13.821023299284501,492.5,180.29,285
482,10.73602165272443,674.5,189.65,269
483,10.20477508152726,671.5,185.12,265
484,9.839952088376863,692.5,197.45,264
485,9.779058224155662,714.5,188.79,264
486,13.6652682201699,508,161.76,284
487,10.714284418223182,690,171.12,269
488,10.100506302352759,687,166.59,264
489,9.703409259126884,708,178.92,264
490,9.709548620954347,730,170.26,264
491,13.367601772041127,504,175.5,284
492,10.377725686292532,686,184.86,269
493,9.841481589390295,683,180.33,264
494,9.462575107077432,704,192.66,265
495,9.464880717419401,726,184.0,264
496,13.301675554296029,542,167.68,284
497,10.348717610879904,724,177.04000000000002,269
498,9.79864298480536,721,172.51000000000002,264
499,9.462815298270181,742,184.84,265
500,9.452951965122576,764,176.18,264
501,18.31556455080101,622,120,322
502,15.485348835990665,804,129.36,323
503,14.968310342146287,801,124.83,323
504,14.679316627471815,822,137.16,325
505,14.599254232992479,844,128.5,325
506,15.570301094989063,711.5,143.29,324
507,12.713993465302519,893.5,152.65,326
508,12.210931970937326,890.5,148.12,326
509,11.81325204438351,911.5,160.45,327
510,11.815557025692307,933.5,151.79,327
511,15.53521708842362,727,124.76,324
512,12.56256241273661,909,134.12,326
513,12.093018570190234,906,129.59,326
514,11.715689323916447,927,141.92,327
515,11.706131809747898,949,133.26,327
516,15.225569238138595,723,138.5,324
517,12.426806342765033,905,147.86,327
518,11.756688342694737,902,143.32999999999998,326
519,11.452363260719029,923,155.66,327
520,11.513735472987907,945,147.0,327
521,15.237752262064365,761,130.68,324
522,12.314431705243416,943,140.04000000000002,327
523,11.741690267655837,940,135.51,326
524,11.507145665162566,961,147.84,327
525,11.464612683483589,983,139.18,327
526,16.517075835659725,681.7,130,286
527,13.551819446197511,863.7,139.36,272
528,12.998306785485376,860.7,134.83,269
529,12.501178426413503,881.7,147.16,265
530,12.571646349254051,903.7,138.5,264
531,13.63639088580663,771.2,153.29,286
532,10.66437307113036,953.2,162.65,276
533,10.103347200646368,950.2,158.12,274
534,9.802513558968514,971.2,170.45,270
535,9.779898876619992,993.2,161.79,270
536,13.569579872914488,786.7,134.76,286
537,10.592950193267919,968.7,144.12,275
538,10.069447309703227,965.7,139.59,274
539,9.583224517072091,986.7,151.92,270
540,9.61570814530307,1008.7,143.26,269
541,13.345016374437702,782.7,148.5,286
542,10.32526347061083,964.7,157.86,275
543,9.792010647723597,961.7,153.33,274
544,9.404248338397393,982.7,165.66,270
545,9.400594245549051,1004.7,157.0,269
546,13.35715885601935,820.7,140.68,286
547,10.362423371125963,1002.7,150.04000000000002,275
548,9.747200764415743,999.7,145.51000000000002,274
549,9.428653623172714,1020.7,157.84,270
550,9.388408091002903,1042.7,149.18,269
551,16.421398165242707,699,125.92,283
552,13.334061447681096,881,135.28,268
553,12.823839542184087,878,130.75,264
554,12.336852573023563,899,143.08,264
555,12.465961036060442,921,134.42000000000002,264
556,13.6615424371132,788.5,149.21,284
557,10.562806326419025,970.5,158.57,270
558,9.977117212498365,967.5,154.04,266
559,9.581995798570638,988.5,166.37,265
560,9.630350011298496,1010.5,157.71,265
561,13.546549170059532,804,130.68,284
562,10.434965098373855,986,140.04,269
563,9.914064705815068,983,135.51,265
564,9.508766768062939,1004,147.84,265
565,9.534474331564548,1026,139.18,265
566,13.191115025116055,800,144.42000000000002,284
567,10.14820080092909,982,153.78,270
568,9.618681454687959,979,149.25,265
569,9.242645426412741,1000,161.58,265
570,9.238548110093337,1022,152.92000000000002,265
571,13.238574776659043,838,136.6,284
572,10.200220054995595,1020,145.96,270
573,9.565697752896616,1017,141.43,265
574,9.185777974527086,1038,153.76000000000002,265
575,9.227610559838348,1060,145.10000000000002,265
576,16.2201971968945,709.9,131,283
577,13.21890535725698,891.9,140.36,266
578,12.666338370881395,888.9,135.83,264
579,12.368564370354365,909.9,148.16,264
580,12.33699356230653,931.9,139.5,262
581,13.440573576366317,799.4,154.29,283
582,10.393007396446285,981.4,163.65,267
583,9.949613422288135,978.4,159.12,264
584,9.462165703446534,999.4,171.45,264
585,9.52572847348858,1021.4,162.79,264
586,13.311565689772456,814.9,135.76,283
587,10.364331040884158,996.9,145.12,267
588,9.813146003085544,993.9,140.59,264
589,9.417136395272648,1014.9,152.92,264
590,9.445473643311752,1036.9,144.26,263
591,13.19387137681351,810.9,149.5,283
592,9.998581266284413,992.9,158.86,266
593,9.568034962967037,989.9,154.33,264
594,9.135431568843982,1010.9,166.66,264
595,9.132846826631274,1032.9,158.0,263
596,13.114262396119468,848.9,141.68,283
597,10.07602751705412,1030.9,151.04000000000002,265
598,9.55835027797306,1027.9,146.51000000000002,264
599,9.09849967683232,1048.9,158.84,264
600,9.10807916529496,1070.9,150.18,263
601,16.31967409238326,730,127,283
602,13.25611860762497,912,136.36,264
603,12.72604106644474,909,131.83,264
604,12.33557808159195,930,144.16,262
605,12.24718049185427,952,135.5,262
606,13.447813576325945,819.5,150.29,283
607,10.371156367294368,1001.5,159.65,266
608,9.96487904852216,998.5,155.12,264
609,9.437591957768499,1019.5,167.45,264
610,9.54131841864339,1041.5,158.79,263
611,13.324890199578475,835,131.76,283
612,10.341452382814703,1017,141.12,265
613,9.750978714358432,1014,136.59,264
614,9.447977318855424,1035,148.92,263
615,9.4120474596101,1057,140.26,263
616,13.15053929458953,831,145.5,283
617,10.062735756057888,1013,154.86,265
618,9.543672809141626,1010,150.33,264
619,9.112335041469533,1031,162.66,263
620,9.100489049138105,1053,154.0,263
621,13.18669687419623,869,137.68,283
622,10.078085044311575,1051,147.04000000000002,265
623,9.521046632396557,1048,142.51000000000002,264
624,9.157557062121928,1069,154.84,263
625,9.106067211169934,1091,146.18,263
